Rank ID,Total Probability
0,0.219079
1,0.154441
2,0.087829
3,0.196711
4,0.088651
5,0.066118
6,0.045559
7,0.141612
